data,omega,modo,k_ff,topico_pose,volta,rmse_real_m,rmse_real_graus,rmse_odom_m,rmse_odom_graus
2026-09-30 21:30:44,0.2,realimentado,0.0,/ground_truth,1,0.6645512009866344,25.807642021686675,0.5526493092877934,24.37819761469055
2026-09-30 21:31:19,0.2,realimentado,0.0,/ground_truth,2,0.3260913700128644,16.149889545200747,0.48613037651761054,19.56751660792839
2026-09-30 21:32:07,0.2,realimentado,0.0,/ground_truth,1,0.8149545573298117,37.043253442372155,0.7577323414873407,35.90772477246244
2026-09-30 21:32:43,0.2,realimentado,0.0,/ground_truth,2,0.7233264887368083,37.51067284568762,0.8159920533798888,38.161578952134974
2026-09-30 21:33:27,0.2,realimentado,0.0,/ground_truth,1,0.6621213927624838,23.44479802227524,0.4837549436834083,21.554708282201997
2026-09-30 21:33:59,0.2,realimentado,0.0,/ground_truth,2,0.42932206703818837,19.55269152725267,0.4553057736148804,19.697269153912004
2026-09-30 21:34:40,0.2,realimentado,0.0,/ground_truth,1,0.5889977435999042,25.105023520483414,0.607351579719288,24.988980760843972
2026-09-30 21:35:11,0.2,realimentado,0.0,/ground_truth,2,0.43355614707887014,19.830783216736936,0.5149503869092672,23.241236740779307
2026-09-30 21:35:52,0.2,realimentado,0.0,/ground_truth,1,0.6332453498878504,23.921824688634246,0.48594891220072667,22.390008582175298
2026-09-30 21:36:24,0.2,realimentado,0.0,/ground_truth,2,1.3634003935884689,67.70052994461349,1.9351661368720492,74.73272873381676
2026-09-30 21:37:06,0.2,realimentado,0.0,/ground_truth,1,0.6009599280582022,25.65852194566711,0.5648837620437829,24.93881523740461
2026-09-30 21:37:37,0.2,realimentado,0.0,/ground_truth,2,1.3270541716547395,83.86184546408141,4.858065427247992,89.2970105457168
2026-09-30 21:38:17,0.2,realimentado,0.0,/ground_truth,1,1.497807047117862,97.9153656154991,4.147518785893768,98.25801049946794
2026-09-30 21:38:49,0.2,realimentado,0.0,/ground_truth,2,1.5613916950982902,105.04993153297714,3.2591102635930618,100.6659165535275
2026-09-30 21:39:29,0.2,realimentado,0.0,/ground_truth,1,0.40981066189723164,19.690051048990743,0.3095045265084655,14.248335321152549
2026-09-30 21:40:01,0.2,realimentado,0.0,/ground_truth,2,1.5074426486164625,72.4544417047766,1.5028609114973297,72.31897923005579
